"label","roi_statistics_Area","roi_statistics_CircularityMPEG","roi_statistics_CssHighestPeakY","roi_statistics_CssNumOfPeaks","roi_statistics_CssPeakX0","roi_statistics_CssPeakX1","roi_statistics_CssPeakX10","roi_statistics_CssPeakX11","roi_statistics_CssPeakX12","roi_statistics_CssPeakX13","roi_statistics_CssPeakX14","roi_statistics_CssPeakX15","roi_statistics_CssPeakX16","roi_statistics_CssPeakX17","roi_statistics_CssPeakX18","roi_statistics_CssPeakX19","roi_statistics_CssPeakX2","roi_statistics_CssPeakX3","roi_statistics_CssPeakX4","roi_statistics_CssPeakX5","roi_statistics_CssPeakX6","roi_statistics_CssPeakX7","roi_statistics_CssPeakX8","roi_statistics_CssPeakX9","roi_statistics_CssPeakY0","roi_statistics_CssPeakY1","roi_statistics_CssPeakY10","roi_statistics_CssPeakY11","roi_statistics_CssPeakY12","roi_statistics_CssPeakY13","roi_statistics_CssPeakY14","roi_statistics_CssPeakY15","roi_statistics_CssPeakY16","roi_statistics_CssPeakY17","roi_statistics_CssPeakY18","roi_statistics_CssPeakY19","roi_statistics_CssPeakY2","roi_statistics_CssPeakY3","roi_statistics_CssPeakY4","roi_statistics_CssPeakY5","roi_statistics_CssPeakY6","roi_statistics_CssPeakY7","roi_statistics_CssPeakY8","roi_statistics_CssPeakY9","roi_statistics_DCB0","roi_statistics_DCB1","roi_statistics_DCB2","roi_statistics_DCG0","roi_statistics_DCG1","roi_statistics_DCG2","roi_statistics_DCNumberOfColors","roi_statistics_DCPercentage0","roi_statistics_DCPercentage1","roi_statistics_DCPercentage2","roi_statistics_DCR0","roi_statistics_DCR1","roi_statistics_DCR2","roi_statistics_Feret's_Angle","roi_statistics_Feret's_Diameter","roi_statistics_Feret's_Min_Diameter","roi_statistics_KURTOSIS","roi_statistics_Mean","roi_statistics_Median","roi_statistics_Peak","roi_statistics_alongeness","roi_statistics_angle","roi_statistics_area_fraction","roi_statistics_circularity","roi_statistics_comprehensiveness","roi_statistics_eccentricity","roi_statistics_major_axis","roi_statistics_max_gray_value","roi_statistics_minimum_gray_value","roi_statistics_minor_axis","roi_statistics_normalized_centroid_x","roi_statistics_normalized_centroid_y","roi_statistics_normalized_x_center_of_mass","roi_statistics_normalized_y_center_of_mass","roi_statistics_peak_relative_count","roi_statistics_perimeter4","roi_statistics_perimeter_length","roi_statistics_relative_size","roi_statistics_skewness","roi_statistics_standard_deviation","roi_statistics_FileName","FileName","ID"
"Paul Cezanne",137760.0,9.41448365538507,0.0,0.0,0.0,0.0,0.0,0.0,0.0,0.0,0.0,0.0,0.0,0.0,0.0,0.0,0.0,0.0,0.0,0.0,0.0,0.0,0.0,0.0,0.0,0.0,0.0,0.0,0.0,0.0,0.0,0.0,0.0,0.0,0.0,0.0,0.0,0.0,0.0,0.0,0.0,0.0,0.0,0.0,43.0,81.0,145.0,52.0,102.0,174.0,3.0,0.6846835075493612,0.22269163763066202,0.09262485481997677,57.0,112.0,181.0,120.87590658633016,559.2575435342826,287.0,2.1677660001645673,72.05558943089432,62.0,41.0,0.5979166666666667,90.0000000000002,0.0,1.0,16.99259581881533,1.6724803904876304,541.6220002058883,246.0,1.0,323.8448209563869,0.5,0.5,0.4669894389454206,0.47994348070904497,0.027620499419279906,1530.0,1138.8324145219292,1.0,1.4468898940523678,39.81454243853705,"287px-Paul_Cézanne_130.jpg","287px-Paul_Cézanne_130.jpg",1272.0
"Paul Cezanne",226232.0,45.61791750107268,511.0,2.0,0.19,0.19999999999999996,0.0,0.0,0.0,0.0,0.0,0.0,0.0,0.0,0.0,0.0,0.0,0.0,0.0,0.0,0.0,0.0,0.0,0.0,1.0,0.7064579256360078,0.0,0.0,0.0,0.0,0.0,0.0,0.0,0.0,0.0,0.0,0.0,0.0,0.0,0.0,0.0,0.0,0.0,0.0,132.0,76.0,155.0,134.0,88.0,162.0,3.0,0.41712931857562147,0.35760193076134233,0.22526875066303617,125.0,86.0,164.0,140.09638694402605,748.2486217828938,480.0,0.21656233613317477,120.23257540931434,125.0,137.0,1.1958333333333333,169.12554580265214,0.0,0.27547006314051226,43.221688355316665,1.4182198624120148,639.151090592989,229.0,0.0,450.6720444101593,0.524809127209674,0.41921547902153544,0.5130267277601495,0.41104720521396715,0.013486155804660702,3127.0,3212.511900694327,0.8211091753774681,-0.6161086120979491,33.85973576272001,"574px-Paul_Cézanne,_French_-_The_Large_Bathers_-_Google_Art_Project.jpg","574px-Paul_Cézanne,_French_-_The_Large_Bathers_-_Google_Art_Project.jpg",71737.0
"Paul Cezanne",49288.0,70.36813940701497,353.0,3.0,0.28,0.14999999999999997,0.0,0.0,0.0,0.0,0.0,0.0,0.0,0.0,0.0,0.0,0.30999999999999994,0.0,0.0,0.0,0.0,0.0,0.0,0.0,1.0,0.19830028328611898,0.0,0.0,0.0,0.0,0.0,0.0,0.0,0.0,0.0,0.0,0.14730878186968838,0.0,0.0,0.0,0.0,0.0,0.0,0.0,39.0,91.0,134.0,76.0,123.0,160.0,3.0,0.6717659470865119,0.206703457230969,0.12153059568251907,99.0,144.0,177.0,164.47048679889505,567.7261663865776,193.0,-0.06942074945742815,91.63019396201915,89.0,91.0,2.8341968911917097,173.77723792962968,0.0,0.17858040187298793,71.02420467456582,3.4490363838180067,465.2323547782212,225.0,0.0,134.89051231362134,0.3861260658395765,0.8708010824135692,0.38462334933274966,0.8626587710519996,0.01714413244603149,1871.0,1862.338544704736,0.17889082462253195,0.16903132602143983,36.99027726903805,"574px-Paul_Cézanne,_French_-_The_Large_Bathers_-_Google_Art_Project.jpg","574px-Paul_Cézanne,_French_-_The_Large_Bathers_-_Google_Art_Project.jpg",266780.0
"Paul Cezanne",24802.0,36.3173758439789,111.0,6.0,0.55,0.26,0.0,0.0,0.0,0.0,0.0,0.0,0.0,0.0,0.0,0.0,0.8699999999999999,0.38,0.26,0.09999999999999998,0.0,0.0,0.0,0.0,1.0,0.5315315315315315,0.0,0.0,0.0,0.0,0.0,0.0,0.0,0.0,0.0,0.0,0.4864864864864865,0.2072072072072072,0.16216216216216217,0.12612612612612611,0.0,0.0,0.0,0.0,188.0,162.0,115.0,176.0,146.0,120.0,3.0,0.7427223610999113,0.22292557051850656,0.03435206838158213,168.0,133.0,112.0,34.77783136636388,262.9752840097335,187.0,1.550159990750207,168.6626078542053,171.0,178.0,1.1550802139037433,32.89482010056262,0.0,0.3460153803056937,42.44319006531731,1.1754926411796638,192.66686578852125,252.0,12.0,163.90408936834908,0.1447012639937951,0.14866165027013953,0.14569624724464975,0.15398870887198993,0.027941295056850255,1026.0,949.0751053959664,0.08802526973310619,-0.6336959956814098,19.73507319695341,"587px-Jas_de_bouffan.jpg","587px-Jas_de_bouffan.jpg",11260.0
"Paul Cezanne",256958.0,11.244645075409247,125.0,2.0,0.25,0.07,0.0,0.0,0.0,0.0,0.0,0.0,0.0,0.0,0.0,0.0,0.0,0.0,0.0,0.0,0.0,0.0,0.0,0.0,1.0,0.112,0.0,0.0,0.0,0.0,0.0,0.0,0.0,0.0,0.0,0.0,0.0,0.0,0.0,0.0,0.0,0.0,0.0,0.0,65.0,144.0,84.0,72.0,172.0,119.0,3.0,0.3464885311996513,0.4384023848255357,0.21510908397481301,54.0,179.0,117.0,39.27345740215895,758.267103334966,480.0,-0.8471820208711334,117.25652441254991,118.0,143.0,1.2229166666666667,19.97959488407064,0.0,1.0,23.03679589660567,1.3025461443852921,652.8034856651453,255.0,0.0,501.17545956836204,0.5342940062205727,0.5339117433588368,0.5158065892586884,0.583685499970089,0.006841585006109948,2433.0,1699.8239642054143,0.9119747302668938,0.014866994665247664,50.36474482845341,"587px-Jas_de_bouffan.jpg","587px-Jas_de_bouffan.jpg",22838.0
"Paul Cezanne",142845.0,53.99378084741988,509.0,1.0,0.65,0.0,0.0,0.0,0.0,0.0,0.0,0.0,0.0,0.0,0.0,0.0,0.0,0.0,0.0,0.0,0.0,0.0,0.0,0.0,1.0,0.0,0.0,0.0,0.0,0.0,0.0,0.0,0.0,0.0,0.0,0.0,0.0,0.0,0.0,0.0,0.0,0.0,0.0,0.0,57.0,91.0,118.0,58.0,107.0,143.0,3.0,0.6542266092617872,0.2383842626623263,0.10738912807588645,34.0,109.0,161.0,143.7073702715204,794.0403012442126,445.5917914950455,-0.41196164116044276,71.93411039938395,67.0,59.0,1.3617021276595744,171.6679201711135,0.0,0.23273737117743745,53.211866008610734,2.318613739899452,649.3827781029798,230.0,0.0,280.0750326317588,0.5456307043911233,0.2757483524397446,0.5212111573064794,0.28193749159064296,0.011971017536490602,2757.0,2777.182317592724,0.4748836436170213,0.42370626510660087,37.144038464498585,"640px-Cézanne,_Paul_-_Still_Life_with_a_Curtain.jpg","640px-Cézanne,_Paul_-_Still_Life_with_a_Curtain.jpg",37052.0
"Paul Cezanne",157955.0,37.90167233241594,276.0,3.0,0.32,0.27999999999999997,0.0,0.0,0.0,0.0,0.0,0.0,0.0,0.0,0.0,0.0,0.03999999999999998,0.0,0.0,0.0,0.0,0.0,0.0,0.0,1.0,0.2753623188405797,0.0,0.0,0.0,0.0,0.0,0.0,0.0,0.0,0.0,0.0,0.11594202898550725,0.0,0.0,0.0,0.0,0.0,0.0,0.0,165.0,99.0,56.0,174.0,113.0,60.0,3.0,0.6240574847266627,0.24504447469215915,0.13089804058117818,177.0,123.0,43.0,147.73824304611827,734.3738829778739,391.8310031848905,-0.2202502117094398,141.56813649457123,148.0,196.0,1.614795918367347,176.62862447813947,0.0,0.33155187729306623,41.75001741002184,1.8252411738368661,605.8723722400969,254.0,0.0,331.9421077826344,0.4587343359263715,0.7027996998875926,0.45832080772053485,0.7111482708167736,0.010218100091798297,2568.0,2446.785371312073,0.5251163563829787,-0.6428990046220786,47.657860531387904,"640px-Cézanne,_Paul_-_Still_Life_with_a_Curtain.jpg","640px-Cézanne,_Paul_-_Still_Life_with_a_Curtain.jpg",274845.0
"Paul Cezanne",234955.0,21.977626636931134,310.0,1.0,0.78,0.0,0.0,0.0,0.0,0.0,0.0,0.0,0.0,0.0,0.0,0.0,0.0,0.0,0.0,0.0,0.0,0.0,0.0,0.0,1.0,0.0,0.0,0.0,0.0,0.0,0.0,0.0,0.0,0.0,0.0,0.0,0.0,0.0,0.0,0.0,0.0,0.0,0.0,0.0,38.0,102.0,171.0,26.0,108.0,178.0,3.0,0.6596412078908728,0.21595199080675023,0.12440680130237705,40.0,122.0,187.0,148.38250894989255,751.5557198238864,394.0,0.1271730948615417,68.860505203124,50.0,19.0,1.6243654822335025,178.17795638920973,0.0,0.5717801481458732,28.198914685790896,1.6905963338946748,711.1593119231002,255.0,0.0,420.65679548550804,0.508298021828648,0.4789694311266214,0.5454604194385342,0.479625297280472,0.017441637760422207,2574.0,2272.389329864087,0.9317695114213198,0.9800082271748725,55.77205023532216,"640px-Overture.jpg","640px-Overture.jpg",208813.0
"Paul Cezanne",17205.0,36.11480077086932,288.0,3.0,0.18,0.24,0.0,0.0,0.0,0.0,0.0,0.0,0.0,0.0,0.0,0.0,0.51,0.0,0.0,0.0,0.0,0.0,0.0,0.0,1.0,0.18055555555555555,0.0,0.0,0.0,0.0,0.0,0.0,0.0,0.0,0.0,0.0,0.16319444444444445,0.0,0.0,0.0,0.0,0.0,0.0,0.0,206.0,161.0,96.0,212.0,166.0,97.0,3.0,0.7367044463818657,0.198256320836966,0.06503923278116827,218.0,172.0,106.0,49.54272460638292,258.90731932488893,127.98576865061924,4.548372054326395,195.77663469921535,201.0,208.0,0.9593908629441624,57.25763857254745,0.0,0.34795624913139145,33.571636152281314,2.1925748242126506,219.15462345118542,255.0,0.0,99.95721752157259,0.38668051620168553,0.7871977512144532,0.3862050575023087,0.7914600596159105,0.015751235106073815,760.0,788.2608370728605,0.0682304885786802,-1.5951378598629533,36.46353406971937,"640px-Overture.jpg","640px-Overture.jpg",217845.0
"Jackson Pollock",307200.0,7.834372034955938,0.0,0.0,0.0,0.0,0.0,0.0,0.0,0.0,0.0,0.0,0.0,0.0,0.0,0.0,0.0,0.0,0.0,0.0,0.0,0.0,0.0,0.0,0.0,0.0,0.0,0.0,0.0,0.0,0.0,0.0,0.0,0.0,0.0,0.0,0.0,0.0,0.0,0.0,0.0,0.0,0.0,0.0,29.0,175.0,84.0,34.0,191.0,102.0,3.0,0.310498046875,0.4571126302083333,0.23238932291666667,36.0,198.0,110.0,143.13010235415598,800.0,480.0,-1.2206927075835585,118.98931315104167,118.0,18.0,1.3333333333333333,0.0,0.0,1.0,16.275052083333332,1.3333345992525787,722.1626669411418,255.0,0.0,541.6220002058358,0.5,0.5,0.5055539663385253,0.46634264183459584,0.006110026041666667,2236.0,1551.3603995005365,1.0,0.09362099071440574,72.94501971579564,"8570711353_0d704afd1b_o.jpg","8570711353_0d704afd1b_o.jpg",300074.0
"Jackson Pollock",99456.0,8.311863880252124,0.0,0.0,0.0,0.0,0.0,0.0,0.0,0.0,0.0,0.0,0.0,0.0,0.0,0.0,0.0,0.0,0.0,0.0,0.0,0.0,0.0,0.0,0.0,0.0,0.0,0.0,0.0,0.0,0.0,0.0,0.0,0.0,0.0,0.0,0.0,0.0,0.0,0.0,0.0,0.0,0.0,0.0,126.0,48.0,180.0,154.0,66.0,207.0,3.0,0.32553088803088803,0.4252131595881596,0.24925595238095238,173.0,81.0,227.0,153.22884978553788,497.3047355495421,224.0,-1.070344509111957,127.83562580437581,134.0,182.0,1.9821428571428572,0.0,0.0,1.0,17.839285714285715,1.9821575819347275,501.000350190482,253.0,0.0,252.7569334293573,0.5,0.5,0.5035866985227998,0.46823230285349726,0.006354568854568855,1332.0,909.2110503476931,1.0,-0.18570694611898472,62.574492156393376,"Autumn_Rhythm.jpg","Autumn_Rhythm.jpg",18622.0
"Jackson Pollock",307200.0,7.834372034955938,0.0,0.0,0.0,0.0,0.0,0.0,0.0,0.0,0.0,0.0,0.0,0.0,0.0,0.0,0.0,0.0,0.0,0.0,0.0,0.0,0.0,0.0,0.0,0.0,0.0,0.0,0.0,0.0,0.0,0.0,0.0,0.0,0.0,0.0,0.0,0.0,0.0,0.0,0.0,0.0,0.0,0.0,61.0,100.0,129.0,81.0,135.0,167.0,3.0,0.6038802083333333,0.259130859375,0.13698893229166667,101.0,164.0,198.0,143.13010235415598,800.0,480.0,-0.9328145932485525,105.941494140625,102.0,79.0,1.3333333333333333,0.0,0.0,1.0,16.275052083333332,1.3333345992525787,722.1626669411418,236.0,24.0,541.6220002058358,0.5,0.5,0.5016961263420631,0.5114878541846338,0.01041015625,2236.0,1551.3603995005365,1.0,0.27208127643933644,35.99093241658951,"abstract-art-jackson-pollock-brushes-with-history-jackson-pollock-abstract-art-in-wilmington-640x480.jpg","abstract-art-jackson-pollock-brushes-with-history-jackson-pollock-abstract-art-in-wilmington-640x480.jpg",143862.0
"Jackson Pollock",726000.0,8.00840527724227,0.0,0.0,0.0,0.0,0.0,0.0,0.0,0.0,0.0,0.0,0.0,0.0,0.0,0.0,0.0,0.0,0.0,0.0,0.0,0.0,0.0,0.0,0.0,0.0,0.0,0.0,0.0,0.0,0.0,0.0,0.0,0.0,0.0,0.0,0.0,0.0,0.0,0.0,0.0,0.0,0.0,0.0,26.0,143.0,65.0,35.0,175.0,91.0,3.0,0.3528636363636364,0.4439228650137741,0.20321349862258953,40.0,192.0,118.0,149.03624346792648,1282.809416865966,660.0,-1.2319312422675919,105.8055,104.0,25.0,1.6666666666666667,0.0,0.0,1.0,17.02790082644628,1.6666678910338886,1241.2170838050822,255.0,0.0,744.7302502830273,0.5,0.5,0.5013730184442159,0.4802150146483686,0.00793526170798898,3516.0,2411.244954640214,1.0,0.15204579999347967,65.61453080081388,"convergence.jpg","convergence.jpg",560139.0
"Jackson Pollock",214603.0,20.611855206643483,319.0,2.0,0.49,0.010000000000000009,0.0,0.0,0.0,0.0,0.0,0.0,0.0,0.0,0.0,0.0,0.0,0.0,0.0,0.0,0.0,0.0,0.0,0.0,1.0,0.16300940438871472,0.0,0.0,0.0,0.0,0.0,0.0,0.0,0.0,0.0,0.0,0.0,0.0,0.0,0.0,0.0,0.0,0.0,0.0,27.0,154.0,72.0,23.0,167.0,76.0,3.0,0.3791139918826857,0.4229158026681826,0.19797020544913166,25.0,175.0,87.0,143.13010235415598,800.0,480.0,-1.140895192326384,95.16167061970243,85.0,16.0,1.3333333333333333,147.25242266915677,0.0,0.6096671303177434,35.77974678825552,1.5504184033801578,650.8741470252364,255.0,0.0,419.80623637860623,0.3821611337271613,0.5757738077209235,0.3662352376813768,0.5691414545972826,0.014822719160496359,2771.0,2103.1799644612706,0.6985774739583334,0.3836344399339226,68.52822792379504,"jacksonpollockdetail.jpg","jacksonpollockdetail.jpg",164135.0
"Jackson Pollock",92597.0,31.234606087348162,138.0,4.0,0.69,0.20000000000000007,0.0,0.0,0.0,0.0,0.0,0.0,0.0,0.0,0.0,0.0,0.9199999999999999,0.72,0.0,0.0,0.0,0.0,0.0,0.0,1.0,0.3333333333333333,0.0,0.0,0.0,0.0,0.0,0.0,0.0,0.0,0.0,0.0,0.16666666666666666,0.14492753623188406,0.0,0.0,0.0,0.0,0.0,0.0,175.0,37.0,96.0,193.0,36.0,112.0,3.0,0.6559499767811052,0.19234964415693814,0.15170037906195666,205.0,44.0,132.0,139.41309404869432,431.9085551363853,328.0,-0.7014694373415185,150.0262319513591,167.0,203.0,0.8586387434554974,110.59011481978227,0.0,0.4023220455931822,31.468071319805176,1.2148138939197082,378.44950585267225,255.0,0.0,311.52943867163833,0.7731036018310528,0.3243864654542444,0.7717127119656125,0.31875046244395927,0.009017570763631652,1707.0,1700.6559969230043,0.30142252604166664,-0.6822367171932955,65.35729789886415,"jacksonpollockdetail.jpg","jacksonpollockdetail.jpg",53070.0
"Willem de Kooning",234000.0,7.918107774120618,0.0,0.0,0.0,0.0,0.0,0.0,0.0,0.0,0.0,0.0,0.0,0.0,0.0,0.0,0.0,0.0,0.0,0.0,0.0,0.0,0.0,0.0,0.0,0.0,0.0,0.0,0.0,0.0,0.0,0.0,0.0,0.0,0.0,0.0,0.0,0.0,0.0,0.0,0.0,0.0,0.0,0.0,166.0,110.0,56.0,197.0,130.0,68.0,3.0,0.6907222222222222,0.19063247863247862,0.11864529914529914,210.0,142.0,76.0,146.97613244420336,715.6116265125937,390.0,0.3062952145654232,164.42385897435898,180.0,198.0,1.5384615384615385,0.0,0.0,1.0,16.686222222222224,1.5384644591273389,677.0275002573333,254.0,0.0,440.06787516723324,0.5,0.5,0.4994065556706504,0.49711324290833186,0.015282051282051281,1976.0,1361.1896337925236,1.0,-1.0435059344468254,47.15538693727944,"370_1_large.jpg","370_1_large.jpg",100740.0
"Willem de Kooning",148920.0,8.472054641799048,0.0,0.0,0.0,0.0,0.0,0.0,0.0,0.0,0.0,0.0,0.0,0.0,0.0,0.0,0.0,0.0,0.0,0.0,0.0,0.0,0.0,0.0,0.0,0.0,0.0,0.0,0.0,0.0,0.0,0.0,0.0,0.0,0.0,0.0,0.0,0.0,0.0,0.0,0.0,0.0,0.0,0.0,38.0,103.0,170.0,63.0,135.0,187.0,3.0,0.6204270749395648,0.23273569701853344,0.1468372280419017,97.0,168.0,210.0,127.82060614811454,554.4763295218291,340.0,-0.5299676033910288,100.10287402632285,96.0,91.0,0.776255707762557,90.0000000000002,0.0,1.0,16.174482943862476,1.2882375085794777,494.2300751878515,255.0,0.0,383.64891681246104,0.5,0.5,0.4838666695430776,0.45568285403101816,0.008836959441310771,1552.0,1123.2356730698657,1.0,0.2934739255850407,53.50679948981457,"843ebdb637d50fe14be3e53c276a06a7.jpg","843ebdb637d50fe14be3e53c276a06a7.jpg",123228.0
"Willem de Kooning",99160.0,8.171187779667926,0.0,0.0,0.0,0.0,0.0,0.0,0.0,0.0,0.0,0.0,0.0,0.0,0.0,0.0,0.0,0.0,0.0,0.0,0.0,0.0,0.0,0.0,0.0,0.0,0.0,0.0,0.0,0.0,0.0,0.0,0.0,0.0,0.0,0.0,0.0,0.0,0.0,0.0,0.0,0.0,0.0,0.0,184.0,102.0,85.0,203.0,146.0,95.0,3.0,0.6487192416296894,0.24611738604275918,0.10516337232755144,223.0,190.0,105.0,131.463238431398,447.035792750424,296.0,0.31588146619999335,177.76181928196854,187.0,222.0,0.8835820895522388,90.0000000000002,0.0,1.0,15.959701492537313,1.1317581730354302,378.0070209770062,253.0,12.0,334.00023346026336,0.5,0.5,0.5082801281412482,0.4943235679528271,0.015601048810004034,1258.0,900.1416445381647,1.0,-0.8633833782739484,41.440234323454284,"Photo_of_Interchanged_by_Willem_de_Kooning.jpg","Photo_of_Interchanged_by_Willem_de_Kooning.jpg",69839.0
"Willem de Kooning",102258.0,8.19202017582764,0.0,0.0,0.0,0.0,0.0,0.0,0.0,0.0,0.0,0.0,0.0,0.0,0.0,0.0,0.0,0.0,0.0,0.0,0.0,0.0,0.0,0.0,0.0,0.0,0.0,0.0,0.0,0.0,0.0,0.0,0.0,0.0,0.0,0.0,0.0,0.0,0.0,0.0,0.0,0.0,0.0,0.0,66.0,145.0,54.0,106.0,173.0,70.0,3.0,0.424807838995482,0.36632830683173934,0.20886385417277867,151.0,180.0,70.0,131.16219529358827,454.27414630374903,299.0,-0.08014085298981266,120.15168495374445,115.0,98.0,0.8742690058479532,90.0000000000002,0.0,1.0,15.972187995071291,1.1438142165442253,385.90567514667555,251.0,0.0,337.38537096154937,0.5,0.5,0.4975336254704015,0.4905060638171848,0.012233761661679282,1278.0,915.259307048982,1.0,0.3357983266548735,43.9964846762037,"kooning2.jpg","kooning2.jpg",48490.0
"Willem de Kooning",150800.0,7.911261143161122,0.0,0.0,0.0,0.0,0.0,0.0,0.0,0.0,0.0,0.0,0.0,0.0,0.0,0.0,0.0,0.0,0.0,0.0,0.0,0.0,0.0,0.0,0.0,0.0,0.0,0.0,0.0,0.0,0.0,0.0,0.0,0.0,0.0,0.0,0.0,0.0,0.0,0.0,0.0,0.0,0.0,0.0,164.0,129.0,128.0,198.0,152.0,131.0,3.0,0.6410676392572944,0.24964854111405835,0.10928381962864721,225.0,184.0,121.0,136.69551896462488,549.6626237975437,377.0,-0.34965332099898605,177.91657161803712,176.0,168.0,1.0610079575596818,0.0,0.0,1.0,15.931697612732096,1.0610083744653387,451.3516668382086,255.0,57.0,425.3989459950049,0.5,0.5,0.5006721107111833,0.5084598693827772,0.013395225464190981,1550.0,1092.25371612492,1.0,0.017283841854550654,31.71125186168813,"willem-de-kooning-untitled-XIV-00002012.jpg","willem-de-kooning-untitled-XIV-00002012.jpg",111662.0
"Pierre Auguste",139048.0,11.093552850387413,120.0,2.0,0.58,0.06000000000000005,0.0,0.0,0.0,0.0,0.0,0.0,0.0,0.0,0.0,0.0,0.0,0.0,0.0,0.0,0.0,0.0,0.0,0.0,1.0,0.375,0.0,0.0,0.0,0.0,0.0,0.0,0.0,0.0,0.0,0.0,0.0,0.0,0.0,0.0,0.0,0.0,0.0,0.0,53.0,89.0,130.0,58.0,113.0,157.0,3.0,0.6944724124043495,0.22069357344226453,0.08483401415338589,60.0,115.0,162.0,125.0720533627555,586.4887040685438,337.0,0.7218341076298564,75.54674644727001,66.0,46.0,0.7020833333333333,100.93155536398729,0.0,1.0,20.931160462574073,1.6509700100687186,540.6375753875213,240.0,3.0,327.4678273877544,0.4349883519002761,0.5333039070440903,0.4429736757951206,0.499969977110621,0.024056440941257695,1706.0,1241.98886337224,0.8570512820512821,1.1026449713473185,33.152832052953414,"338px-Auguste_Renoir_-_Claude_Monet_-_Google_Art_Project.jpg","338px-Auguste_Renoir_-_Claude_Monet_-_Google_Art_Project.jpg",147987.0
"Pierre Auguste",23192.0,67.6234864990544,154.0,3.0,0.6,0.08000000000000007,0.0,0.0,0.0,0.0,0.0,0.0,0.0,0.0,0.0,0.0,0.29000000000000004,0.0,0.0,0.0,0.0,0.0,0.0,0.0,1.0,0.6038961038961039,0.0,0.0,0.0,0.0,0.0,0.0,0.0,0.0,0.0,0.0,0.44805194805194803,0.0,0.0,0.0,0.0,0.0,0.0,0.0,180.0,122.0,80.0,193.0,144.0,99.0,3.0,0.6249568816833391,0.27940669196274576,0.09563642635391514,194.0,142.0,99.0,102.90740867126584,492.44289008980525,112.0,0.6888176088358393,165.04583477061055,169.0,199.0,0.23333333333333334,96.13359786199206,0.0,0.1858284933968155,54.3777595722663,4.083584171687448,347.23961247291913,254.0,9.0,85.03917888631105,0.8897783565440848,0.3003259026100954,0.8867112944980557,0.27669758116309306,0.016643670231114176,1123.0,1252.3273928514338,0.14294871794871797,-0.7698430306053642,37.81306944947645,"338px-Auguste_Renoir_-_Claude_Monet_-_Google_Art_Project.jpg","338px-Auguste_Renoir_-_Claude_Monet_-_Google_Art_Project.jpg",44879.0
"Pierre Auguste",174240.0,8.545330745160692,0.0,0.0,0.0,0.0,0.0,0.0,0.0,0.0,0.0,0.0,0.0,0.0,0.0,0.0,0.0,0.0,0.0,0.0,0.0,0.0,0.0,0.0,0.0,0.0,0.0,0.0,0.0,0.0,0.0,0.0,0.0,0.0,0.0,0.0,0.0,0.0,0.0,0.0,0.0,0.0,0.0,0.0,74.0,113.0,159.0,100.0,144.0,182.0,3.0,0.661248852157943,0.23310376492194673,0.1056473829201102,116.0,161.0,191.0,127.09839405965752,601.8047856240427,363.0,0.0466775648068527,115.07551652892562,113.0,109.0,0.75625,90.0000000000002,0.0,1.0,16.236937557392103,1.322316197542236,541.6220002058636,252.0,15.0,409.6016376556578,0.5,0.5,0.4842516926517552,0.5105589303947534,0.014996556473829201,1682.0,1220.2206476849992,1.0,0.3075824224133155,32.73520876943366,"363px-Auguste_Renoir_-_Young_Girls_at_the_Piano_-_Google_Art_Project.jpg","363px-Auguste_Renoir_-_Young_Girls_at_the_Piano_-_Google_Art_Project.jpg",47149.0
"Pierre Auguste",176160.0,8.51404166677462,0.0,0.0,0.0,0.0,0.0,0.0,0.0,0.0,0.0,0.0,0.0,0.0,0.0,0.0,0.0,0.0,0.0,0.0,0.0,0.0,0.0,0.0,0.0,0.0,0.0,0.0,0.0,0.0,0.0,0.0,0.0,0.0,0.0,0.0,0.0,0.0,0.0,0.0,0.0,0.0,0.0,0.0,85.0,125.0,164.0,83.0,138.0,177.0,3.0,0.6161671207992734,0.25022138964577656,0.13361148955495006,83.0,144.0,184.0,127.400925745986,604.2259511143162,367.0,-0.45075875057918724,108.84434037238874,105.0,95.0,0.7645833333333333,90.0000000000002,0.0,1.0,16.213101725703904,1.307903924307809,541.6220002058628,239.0,3.0,414.1151543240403,0.5,0.5,0.5104880584702162,0.5309968171285016,0.011120572207084468,1690.0,1224.6769288343016,1.0,0.25169665005031655,38.966779956899444,"367px-Auguste_Renoir_-_The_Swing_-_Google_Art_Project.jpg","367px-Auguste_Renoir_-_The_Swing_-_Google_Art_Project.jpg",104918.0
"Pierre Auguste",185280.0,8.37980420142042,0.0,0.0,0.0,0.0,0.0,0.0,0.0,0.0,0.0,0.0,0.0,0.0,0.0,0.0,0.0,0.0,0.0,0.0,0.0,0.0,0.0,0.0,0.0,0.0,0.0,0.0,0.0,0.0,0.0,0.0,0.0,0.0,0.0,0.0,0.0,0.0,0.0,0.0,0.0,0.0,0.0,0.0,98.0,160.0,82.0,90.0,172.0,113.0,3.0,0.3395779360967185,0.42500539723661485,0.23541666666666666,58.0,171.0,132.0,128.8050812174105,615.9512967759707,386.0,-0.5991594273201057,124.86323942141624,125.0,132.0,0.8041666666666667,90.0000000000002,0.0,1.0,16.1160621761658,1.243524790461951,541.622000205859,255.0,8.0,435.55435849885754,0.5,0.5,0.4842359865698984,0.4771982134248736,0.008883851468048359,1728.0,1246.0377692667166,1.0,-0.020709999121280263,45.46777722608815,"386px-Renoir_-_The_Two_Sisters,_On_the_Terrace.jpg","386px-Renoir_-_The_Two_Sisters,_On_the_Terrace.jpg",179051.0
"Pierre Auguste",305280.0,7.835945352050448,0.0,0.0,0.0,0.0,0.0,0.0,0.0,0.0,0.0,0.0,0.0,0.0,0.0,0.0,0.0,0.0,0.0,0.0,0.0,0.0,0.0,0.0,0.0,0.0,0.0,0.0,0.0,0.0,0.0,0.0,0.0,0.0,0.0,0.0,0.0,0.0,0.0,0.0,0.0,0.0,0.0,0.0,62.0,119.0,178.0,64.0,136.0,196.0,3.0,0.6068396226415095,0.25708529874213837,0.1360750786163522,62.0,145.0,203.0,143.30237679219326,798.2036081101112,477.0,-0.42878374703082667,98.35589950209643,92.0,43.0,1.3417190775681342,0.0,0.0,1.0,16.2896357442348,1.3417203881898736,722.1626669411421,255.0,0.0,538.2368627045489,0.5,0.5,0.47548712778817037,0.47654349179480393,0.010344601677148848,2230.0,1546.6600780630374,1.0,0.5777755288907407,52.81941624374589,"640px-Pierre-Auguste_Renoir,_Le_Moulin_de_la_Galette.jpg","640px-Pierre-Auguste_Renoir,_Le_Moulin_de_la_Galette.jpg",191324.0
"Vincent van Gogh",189610.0,9.078015403526118,0.0,0.0,0.0,0.0,0.0,0.0,0.0,0.0,0.0,0.0,0.0,0.0,0.0,0.0,0.0,0.0,0.0,0.0,0.0,0.0,0.0,0.0,0.0,0.0,0.0,0.0,0.0,0.0,0.0,0.0,0.0,0.0,0.0,0.0,0.0,0.0,0.0,0.0,0.0,0.0,0.0,0.0,68.0,173.0,153.0,52.0,150.0,190.0,3.0,0.5798850271610148,0.28592901218290173,0.13418596065608354,46.0,109.0,183.0,141.620776082315,637.8212915856603,396.0,-0.8214932604406062,96.81848531195612,96.0,23.0,1.2626262626262625,170.29222673443817,0.0,1.0,21.883703391171352,1.2592374689978698,551.3650486969228,253.0,0.0,437.85682579589593,0.4819341912346395,0.5145681140288493,0.4946889435993671,0.43049289962364845,0.010205157955804019,2037.0,1311.976562543168,0.9576262626262626,0.31291555404263477,58.2596532323017,"61ySbUOxYRL.jpg","61ySbUOxYRL.jpg",130946.0
"Vincent van Gogh",8390.0,19.06921105113693,6.0,6.0,0.76,0.12,0.0,0.0,0.0,0.0,0.0,0.0,0.0,0.0,0.0,0.0,0.8800000000000001,0.76,0.24,0.32000000000000006,0.0,0.0,0.0,0.0,1.0,1.0,0.0,0.0,0.0,0.0,0.0,0.0,0.0,0.0,0.0,0.0,0.6666666666666666,0.3333333333333333,0.16666666666666666,0.16666666666666666,0.0,0.0,0.0,0.0,127.0,120.0,103.0,216.0,189.0,150.0,3.0,0.7163289630512515,0.20190703218116807,0.08176400476758046,235.0,185.0,140.0,129.80557109226518,117.15374513859982,102.0,-0.014968159948121063,181.9185935637664,185.0,202.0,0.9714285714285714,117.60489588028406,0.0,0.6589874421474795,17.75876042908224,1.055777062288801,106.19906859094456,238.0,66.0,100.58920404918592,0.9082786650774732,0.17076756841357557,0.907442694708282,0.1706845774759185,0.019189511323003575,386.0,399.98835072916665,0.042373737373737376,-0.607753763969518,25.904593559937382,"61ySbUOxYRL.jpg","61ySbUOxYRL.jpg",30929.0
"Vincent van Gogh",107583.0,23.553774626222346,77.0,4.0,0.82,0.1599999999999998,0.0,0.0,0.0,0.0,0.0,0.0,0.0,0.0,0.0,0.0,0.98,0.15000000000000002,0.0,0.0,0.0,0.0,0.0,0.0,1.0,0.36363636363636365,0.0,0.0,0.0,0.0,0.0,0.0,0.0,0.0,0.0,0.0,0.36363636363636365,0.1038961038961039,0.0,0.0,0.0,0.0,0.0,0.0,118.0,179.0,164.0,72.0,139.0,167.0,3.0,0.6990788507477947,0.22453361590585874,0.07638753334634654,35.0,97.0,136.0,162.95096902789018,627.579477038566,205.0,-0.9109332869543811,95.6421739494158,98.0,109.0,2.926829268292683,178.75156272913387,0.0,0.5335183346948166,26.359703670654284,3.295548989160461,671.8738645738405,218.0,0.0,203.87596119418438,0.5111880052300705,0.19986122342749318,0.5221504241095271,0.22650225637820423,0.009053474991401987,1684.0,1591.8497842487773,0.39845555555555556,-0.126982415706084,41.631594395100514,"77413-1280px-Vincent_van_Gogh_-_Wheatfield_with_crows_-_Google_Art_Project.jpg","77413-1280px-Vincent_van_Gogh_-_Wheatfield_with_crows_-_Google_Art_Project.jpg",75277.0
"Vincent van Gogh",162417.0,14.823844057977817,110.0,3.0,0.34,0.08000000000000007,0.0,0.0,0.0,0.0,0.0,0.0,0.0,0.0,0.0,0.0,0.9,0.0,0.0,0.0,0.0,0.0,0.0,0.0,1.0,0.2,0.0,0.0,0.0,0.0,0.0,0.0,0.0,0.0,0.0,0.0,0.10909090909090909,0.0,0.0,0.0,0.0,0.0,0.0,0.0,27.0,61.0,96.0,108.0,152.0,182.0,3.0,0.6704778440680471,0.24427245916375748,0.08524969676819545,132.0,177.0,203.0,155.06157234454278,661.6955493276345,290.0,0.3566435886175303,104.99520986103671,104.0,97.0,2.0689655172413794,178.54834295775206,0.0,0.8477133572918469,21.83077510359137,2.2210074703118226,677.7111589743479,245.0,0.0,305.1384714547372,0.4925892045372919,0.6988081912607671,0.48890899468478666,0.6868326415546604,0.017221103702198662,1883.0,1551.658557919423,0.6015444444444444,-0.07313365275379789,30.660328961868533,"77413-1280px-Vincent_van_Gogh_-_Wheatfield_with_crows_-_Google_Art_Project.jpg","77413-1280px-Vincent_van_Gogh_-_Wheatfield_with_crows_-_Google_Art_Project.jpg",177717.0
"Vincent van Gogh",147576.0,7.9049193728310865,0.0,0.0,0.0,0.0,0.0,0.0,0.0,0.0,0.0,0.0,0.0,0.0,0.0,0.0,0.0,0.0,0.0,0.0,0.0,0.0,0.0,0.0,0.0,0.0,0.0,0.0,0.0,0.0,0.0,0.0,0.0,0.0,0.0,0.0,0.0,0.0,0.0,0.0,0.0,0.0,0.0,0.0,81.0,113.0,144.0,110.0,152.0,177.0,3.0,0.6048747763864043,0.29289315335826965,0.10223207025532607,91.0,139.0,165.0,146.5903794732477,566.6330382178576,312.0,0.4584724858135054,112.74386079037242,117.0,120.0,1.516025641025641,0.0,0.0,1.0,16.617580094324282,1.5160300399292512,533.7233460362085,254.0,0.0,352.05430013377946,0.5,0.5,0.49785672216908405,0.5111060879311471,0.0185124952566813,1566.0,1080.081654952495,1.0,-0.5645083385549475,32.12641238311084,"vincent-van-gogh-garden-of-irises-les-irises-saint-remy-c-1889_a-G-10647781-0.jpg","vincent-van-gogh-garden-of-irises-les-irises-saint-remy-c-1889_a-G-10647781-0.jpg",97601.0
"Vincent van Gogh",127200.0,7.829023309459537,0.0,0.0,0.0,0.0,0.0,0.0,0.0,0.0,0.0,0.0,0.0,0.0,0.0,0.0,0.0,0.0,0.0,0.0,0.0,0.0,0.0,0.0,0.0,0.0,0.0,0.0,0.0,0.0,0.0,0.0,0.0,0.0,0.0,0.0,0.0,0.0,0.0,0.0,0.0,0.0,0.0,0.0,57.0,109.0,133.0,58.0,118.0,170.0,3.0,0.6801179245283019,0.236312893081761,0.0835691823899371,20.0,65.0,150.0,141.51530055129598,511.00293541231247,318.0,1.4984420326113401,66.19286163522013,62.0,56.0,1.2578616352201257,0.0,0.0,1.0,16.121257861635222,1.2578639238251619,451.3516668382214,250.0,0.0,358.82457513636,0.5,0.5,0.5069515620583609,0.4838197274823214,0.01095125786163522,1432.0,997.9237270268972,1.0,0.9124683324860794,39.456980950011214,"vincent-van-gogh-paintings-from-arles-22.jpg","vincent-van-gogh-paintings-from-arles-22.jpg",46309.0
"Vincent van Gogh",55523.0,34.60808059281653,171.0,3.0,0.62,0.27,0.0,0.0,0.0,0.0,0.0,0.0,0.0,0.0,0.0,0.0,0.9699999999999999,0.0,0.0,0.0,0.0,0.0,0.0,0.0,1.0,0.25146198830409355,0.0,0.0,0.0,0.0,0.0,0.0,0.0,0.0,0.0,0.0,0.24561403508771928,0.0,0.0,0.0,0.0,0.0,0.0,0.0,61.0,38.0,104.0,213.0,126.0,135.0,3.0,0.7046809430326171,0.1875979323883796,0.10772112457900329,217.0,157.0,68.0,12.188633201931882,511.53103522660285,166.0,0.9209288917525948,146.2337589827639,154.0,168.0,3.0120481927710845,3.709028351191888,0.0,0.3631051014417577,39.93157790465212,3.4653652379699356,494.9488093020243,237.0,1.0,142.83109265789136,0.4522239612412874,0.1490329567540544,0.46539443752889476,0.13606820085761995,0.01739819534247069,1489.0,1386.1978425733291,0.27692269326683294,-0.9935352853119048,32.691191015269034,"vincent-van-gogh-paintings-on-canvas-500x500.jpg","vincent-van-gogh-paintings-on-canvas-500x500.jpg",17995.0
"Vincent van Gogh",144977.0,16.135695225466662,213.0,2.0,0.32,0.10999999999999999,0.0,0.0,0.0,0.0,0.0,0.0,0.0,0.0,0.0,0.0,0.0,0.0,0.0,0.0,0.0,0.0,0.0,0.0,1.0,0.11267605633802817,0.0,0.0,0.0,0.0,0.0,0.0,0.0,0.0,0.0,0.0,0.0,0.0,0.0,0.0,0.0,0.0,0.0,0.0,73.0,82.0,130.0,108.0,165.0,169.0,3.0,0.6151734413044828,0.24176248646337006,0.14306407223214718,55.0,171.0,109.0,33.104350407079934,596.8885993215149,337.0,-0.3408539878614678,101.41529346034199,100.0,102.0,1.4836795252225519,5.442663751409137,0.0,0.7787932554976564,25.82633797085055,1.7334662923366047,565.6678429486748,245.0,1.0,326.3230388258402,0.5182971712754437,0.6344126526424511,0.5152661113203046,0.6358040936604077,0.010491319312718569,1935.0,1529.478566931384,0.7230773067331672,0.12428217650795495,36.16385791540418,"vincent-van-gogh-paintings-on-canvas-500x500.jpg","vincent-van-gogh-paintings-on-canvas-500x500.jpg",200440.0
"Pablo Picasso",190080.0,8.317851880204659,0.0,0.0,0.0,0.0,0.0,0.0,0.0,0.0,0.0,0.0,0.0,0.0,0.0,0.0,0.0,0.0,0.0,0.0,0.0,0.0,0.0,0.0,0.0,0.0,0.0,0.0,0.0,0.0,0.0,0.0,0.0,0.0,0.0,0.0,0.0,0.0,0.0,0.0,0.0,0.0,0.0,0.0,39.0,83.0,125.0,50.0,113.0,157.0,3.0,0.6164036195286196,0.26980218855218857,0.11379419191919192,55.0,126.0,166.0,129.52263127117112,622.2668237982803,396.0,-0.5446634860901112,75.72561026936027,69.0,43.0,0.825,90.0000000000002,0.0,1.0,16.07483164983165,1.2121224464451448,541.622000205857,244.0,0.0,446.8381501698139,0.5,0.5,0.5616695795273917,0.5471949724909936,0.011868686868686869,1748.0,1257.4010042103916,1.0,0.4628995510937294,41.01494343259547,"396px-thumbnail.jpg","396px-thumbnail.jpg",140305.0
"Pablo Picasso",222240.0,8.023479824086115,0.0,0.0,0.0,0.0,0.0,0.0,0.0,0.0,0.0,0.0,0.0,0.0,0.0,0.0,0.0,0.0,0.0,0.0,0.0,0.0,0.0,0.0,0.0,0.0,0.0,0.0,0.0,0.0,0.0,0.0,0.0,0.0,0.0,0.0,0.0,0.0,0.0,0.0,0.0,0.0,0.0,0.0,159.0,100.0,60.0,168.0,106.0,68.0,3.0,0.6350566954643628,0.2201268898488121,0.14481641468682505,202.0,139.0,101.0,133.9672081073922,666.9100389107964,463.0,-0.4247204043087822,148.24983801295897,154.0,169.0,0.9645833333333333,90.0000000000002,0.0,1.0,15.937383009359252,1.0367172308824038,541.6220002058478,255.0,2.0,522.4395543652207,0.5,0.5,0.5154062727338212,0.49917199369796245,0.012706983441324694,1882.0,1335.3419622347296,1.0,-0.11686515240708133,44.83244533692161,"463px-Les_Demoiselles_d'Avignon.jpg","463px-Les_Demoiselles_d'Avignon.jpg",57409.0
"Pablo Picasso",211021.0,13.782464414565233,33.0,3.0,0.7,0.25,0.0,0.0,0.0,0.0,0.0,0.0,0.0,0.0,0.0,0.0,0.78,0.0,0.0,0.0,0.0,0.0,0.0,0.0,1.0,0.7575757575757576,0.0,0.0,0.0,0.0,0.0,0.0,0.0,0.0,0.0,0.0,0.48484848484848486,0.0,0.0,0.0,0.0,0.0,0.0,0.0,152.0,97.0,59.0,162.0,103.0,66.0,3.0,0.6383345733363031,0.22442790054070447,0.1372375261229925,198.0,135.0,99.0,133.8791386246897,650.6627390591842,452.0,-0.5604101626593145,144.21946157017547,152.0,169.0,0.9637526652452025,90.41057542851269,0.0,0.9117651412964362,16.166206206965185,1.0372702558797349,527.914781483948,254.0,2.0,508.9463136726517,0.5013542815997053,0.497317333543423,0.5187285513871609,0.49782945899420994,0.013325687964704935,1847.0,1705.4000771742594,0.9495185385169187,-0.29793038023899654,41.77305826614286,"463px-Les_Demoiselles_d'Avignon.jpg","463px-Les_Demoiselles_d'Avignon.jpg",119935.0
"Pablo Picasso",180583.0,8.435035141660615,0.0,0.0,0.0,0.0,0.0,0.0,0.0,0.0,0.0,0.0,0.0,0.0,0.0,0.0,0.0,0.0,0.0,0.0,0.0,0.0,0.0,0.0,0.0,0.0,0.0,0.0,0.0,0.0,0.0,0.0,0.0,0.0,0.0,0.0,0.0,0.0,0.0,0.0,0.0,0.0,0.0,0.0,39.0,67.0,99.0,47.0,88.0,127.0,3.0,0.7180077858934673,0.21028003743430998,0.07171217667222274,47.0,95.0,141.0,128.20473989220778,609.5654189666602,377.0,0.6971107894374051,58.134420183516724,56.0,58.0,0.7870563674321504,90.0000000000002,0.0,1.0,16.15469894729847,1.2705587301104628,540.493621038765,230.0,0.0,425.39894599499684,0.5,0.5,0.5033874965891693,0.5091712178057302,0.019126938859139565,1708.0,1234.1895928043223,1.0,0.6285138859707115,28.25297671837998,"Pablo_Picasso,_1909,_Femme_assise_(Sitzende_Frau),_oil_on_canvas,_100_x_80_cm,_Staatliche_Museen_zu_Berlin,_Neue_Nationalgalerie.jpg","Pablo_Picasso,_1909,_Femme_assise_(Sitzende_Frau),_oil_on_canvas,_100_x_80_cm,_Staatliche_Museen_zu_Berlin,_Neue_Nationalgalerie.jpg",175266.0
"Pablo Picasso",176272.0,8.50056233736192,0.0,0.0,0.0,0.0,0.0,0.0,0.0,0.0,0.0,0.0,0.0,0.0,0.0,0.0,0.0,0.0,0.0,0.0,0.0,0.0,0.0,0.0,0.0,0.0,0.0,0.0,0.0,0.0,0.0,0.0,0.0,0.0,0.0,0.0,0.0,0.0,0.0,0.0,0.0,0.0,0.0,0.0,56.0,95.0,137.0,54.0,98.0,146.0,3.0,0.758986112371789,0.17433284923300355,0.0666810383952074,37.0,88.0,146.0,127.533891853694,604.040561551954,368.0,2.519448391309056,63.090468140147046,53.0,44.0,0.7682672233820459,90.0000000000002,0.0,1.0,16.202800217845148,1.301632404030107,540.4936210387671,250.0,2.0,415.24353349113596,0.5,0.5,0.4845805749165193,0.5031551378491861,0.026436416447308705,1690.0,1224.0960437528831,1.0,1.5723055089999292,29.9478489460939,"Pablo_Picasso,_1909-10,_Figure_dans_un_Fauteuil_(Seated_Nude,_Femme_nue_assise),_oil_on_canvas,_92.1_x_73_cm,_Tate_Modern,_London.jpg","Pablo_Picasso,_1909-10,_Figure_dans_un_Fauteuil_(Seated_Nude,_Femme_nue_assise),_oil_on_canvas,_92.1_x_73_cm,_Tate_Modern,_London.jpg",145240.0
"Pablo Picasso",166560.0,8.682289283374674,0.0,0.0,0.0,0.0,0.0,0.0,0.0,0.0,0.0,0.0,0.0,0.0,0.0,0.0,0.0,0.0,0.0,0.0,0.0,0.0,0.0,0.0,0.0,0.0,0.0,0.0,0.0,0.0,0.0,0.0,0.0,0.0,0.0,0.0,0.0,0.0,0.0,0.0,0.0,0.0,0.0,0.0,157.0,100.0,45.0,170.0,112.0,56.0,3.0,0.6131183957732949,0.2513328530259366,0.13554875120076848,179.0,119.0,64.0,125.86379352558282,592.2913134598548,347.0,-0.009304849872270982,138.41568804034583,142.0,149.0,0.7229166666666667,90.0000000000002,0.0,1.0,16.345461095100866,1.3832880448034028,541.6220002058674,255.0,0.0,391.54757098212735,0.5,0.5,0.48815345384410963,0.4682259907695258,0.009390009606147935,1650.0,1202.5481707769072,1.0,-0.3605069652982305,47.54048467512943,"Pablo_Picasso,_1910,_Girl_with_a_Mandolin_(Fanny_Tellier),_oil_on_canvas,_100.3_x_73.6_cm,_Museum_of_Modern_Art_New_York.jpg","Pablo_Picasso,_1910,_Girl_with_a_Mandolin_(Fanny_Tellier),_oil_on_canvas,_100.3_x_73.6_cm,_Museum_of_Modern_Art_New_York.jpg",95120.0
"Edvard Munch",131143.0,56.717708631063815,611.0,1.0,0.72,0.0,0.0,0.0,0.0,0.0,0.0,0.0,0.0,0.0,0.0,0.0,0.0,0.0,0.0,0.0,0.0,0.0,0.0,0.0,1.0,0.0,0.0,0.0,0.0,0.0,0.0,0.0,0.0,0.0,0.0,0.0,0.0,0.0,0.0,0.0,0.0,0.0,0.0,0.0,61.0,84.0,105.0,60.0,94.0,127.0,3.0,0.6424589951427068,0.2598994990201536,0.09764150583713961,58.0,100.0,138.0,127.1742548335911,602.4084992760311,364.0,0.2675522551589711,74.5626834829156,74.0,78.0,0.7583333333333333,88.49876443364134,0.0,0.22155991343198722,70.93401859039369,1.2023202133635125,448.06135408231466,189.0,0.0,372.6642614764042,0.50899849237637,0.4368822026973101,0.48237573881853796,0.42123782141919336,0.017965122042350717,3050.0,2727.2936151070353,0.7505895146520146,0.285574572334294,25.605152730813337,"364px-Edvard_Munch_-_Madonna_-_Google_Art_Project.jpg","364px-Edvard_Munch_-_Madonna_-_Google_Art_Project.jpg",37048.0
"Edvard Munch",43577.0,48.56833109261786,104.0,7.0,0.24,0.38,0.0,0.0,0.0,0.0,0.0,0.0,0.0,0.0,0.0,0.0,0.67,0.87,0.09000000000000008,0.62,0.19999999999999996,0.0,0.0,0.0,1.0,0.5961538461538461,0.0,0.0,0.0,0.0,0.0,0.0,0.0,0.0,0.0,0.0,0.5288461538461539,0.47115384615384615,0.16346153846153846,0.1346153846153846,0.125,0.0,0.0,0.0,110.0,74.0,47.0,148.0,93.0,50.0,3.0,0.6573192280331367,0.18911352318883815,0.1535672487780251,176.0,102.0,59.0,139.23193285844695,335.37590849671955,214.97570836472738,-0.6992994285194123,120.05030176469238,134.0,155.0,0.7981651376146789,112.1834059564284,0.0,0.2587358950093551,51.426417605617644,1.7731859328713349,313.6592546231903,184.0,7.0,176.89246793492188,0.4729194463658745,0.6899501409382626,0.4453264408630393,0.6687013422750988,0.019758129288386075,1497.0,1454.8065727178334,0.24941048534798535,-0.758762022350834,38.1580593283369,"364px-Edvard_Munch_-_Madonna_-_Google_Art_Project.jpg","364px-Edvard_Munch_-_Madonna_-_Google_Art_Project.jpg",118816.0
"Edvard Munch",185760.0,8.373353913979527,0.0,0.0,0.0,0.0,0.0,0.0,0.0,0.0,0.0,0.0,0.0,0.0,0.0,0.0,0.0,0.0,0.0,0.0,0.0,0.0,0.0,0.0,0.0,0.0,0.0,0.0,0.0,0.0,0.0,0.0,0.0,0.0,0.0,0.0,0.0,0.0,0.0,0.0,0.0,0.0,0.0,0.0,75.0,86.0,104.0,84.0,113.0,135.0,3.0,0.6345768733850129,0.28897502153316107,0.076448105081826,105.0,152.0,175.0,128.87749633851263,616.578462160332,387.0,-0.07538087268506244,100.15958225667528,101.0,104.0,0.80625,90.0000000000002,0.0,1.0,16.11164944013781,1.2403115266267457,541.6220002058587,218.0,4.0,436.68273766595314,0.5,0.5,0.4994941490771846,0.48096076956780476,0.01988049095607235,1730.0,1247.1704867662788,1.0,0.03954227462315896,20.871793566034672,"387px-Edvard_Munch,_1893,_The_Scream,_oil,_tempera_and_pastel_on_cardboard,_91_x_73_cm,_National_Gallery_of_Norway.jpg","387px-Edvard_Munch,_1893,_The_Scream,_oil,_tempera_and_pastel_on_cardboard,_91_x_73_cm,_National_Gallery_of_Norway.jpg",29736.0
"Edvard Munch",229920.0,7.97782874117868,0.0,0.0,0.0,0.0,0.0,0.0,0.0,0.0,0.0,0.0,0.0,0.0,0.0,0.0,0.0,0.0,0.0,0.0,0.0,0.0,0.0,0.0,0.0,0.0,0.0,0.0,0.0,0.0,0.0,0.0,0.0,0.0,0.0,0.0,0.0,0.0,0.0,0.0,0.0,0.0,0.0,0.0,59.0,111.0,181.0,66.0,138.0,202.0,3.0,0.6495215727209465,0.2239170146137787,0.12656141266527487,64.0,140.0,206.0,134.9402546832674,678.1157718266107,479.0,0.15041987946177704,94.63480775922059,83.0,56.0,0.9979166666666667,90.0000000000002,0.0,1.0,15.933350730688936,1.0020876917617734,541.6220002058462,255.0,0.0,540.4936210387505,0.5,0.5,0.4546449367976639,0.4744579881672847,0.010508002783576897,1914.0,1354.349432078665,1.0,0.862063652077783,52.16978486826376,"479px-Edvard_Munch_-_The_sick_child_(1907)_-_Tate_Modern.jpg","479px-Edvard_Munch_-_The_sick_child_(1907)_-_Tate_Modern.jpg",167079.0
"Edvard Munch",20687.0,41.127706744628355,131.0,7.0,0.39,0.45999999999999996,0.0,0.0,0.0,0.0,0.0,0.0,0.0,0.0,0.0,0.0,0.66,0.28,0.7899999999999999,0.04999999999999999,0.91,0.0,0.0,0.0,1.0,0.45038167938931295,0.0,0.0,0.0,0.0,0.0,0.0,0.0,0.0,0.0,0.0,0.3816793893129771,0.29770992366412213,0.16030534351145037,0.1450381679389313,0.11450381679389313,0.0,0.0,0.0,171.0,85.0,47.0,195.0,108.0,55.0,3.0,0.602745685696331,0.23522018659061247,0.1620341277130565,207.0,145.0,82.0,30.274517244820306,228.10962276940444,168.2239968006166,-0.959513359553863,151.59225600618745,163.0,198.0,1.2352941176470589,1.8794554013695874,0.0,0.3055451326860195,41.092666892251174,1.2913585654654578,184.42710782691924,255.0,2.0,142.81797709833066,0.34091922624850984,0.21036052230869628,0.36019563112484065,0.206802189604187,0.009039493401653212,922.0,922.3930124551719,0.08997477383437719,-0.3941261137317171,55.708110576810114,"479px-Edvard_Munch_-_The_sick_child_(1907)_-_Tate_Modern.jpg","479px-Edvard_Munch_-_The_sick_child_(1907)_-_Tate_Modern.jpg",66781.0
"Edvard Munch",269760.0,7.8456611343089815,0.0,0.0,0.0,0.0,0.0,0.0,0.0,0.0,0.0,0.0,0.0,0.0,0.0,0.0,0.0,0.0,0.0,0.0,0.0,0.0,0.0,0.0,0.0,0.0,0.0,0.0,0.0,0.0,0.0,0.0,0.0,0.0,0.0,0.0,0.0,0.0,0.0,0.0,0.0,0.0,0.0,0.0,46.0,182.0,103.0,57.0,196.0,147.0,3.0,0.6631598457888493,0.21036476868327403,0.12647538552787663,65.0,190.0,158.0,139.49960770946706,739.083215883029,480.0,-0.30730102524941305,94.04301230723607,75.0,41.0,1.1708333333333334,0.0,0.0,1.0,16.037959667852906,1.1708340207076575,634.1490919076855,255.0,0.0,541.6220002058398,0.5,0.5,0.5541149216642859,0.5788944571213264,0.010757710557532621,2080.0,1454.8008618333956,1.0,0.8650515252020781,62.19238121637562,"562px-Edvard_Munch_-_Ashes_(1895).jpg","562px-Edvard_Munch_-_Ashes_(1895).jpg",142382.0
"Edvard Munch",42243.0,56.08097975699554,156.0,4.0,0.46,0.3799999999999999,0.0,0.0,0.0,0.0,0.0,0.0,0.0,0.0,0.0,0.0,0.19999999999999996,0.71,0.0,0.0,0.0,0.0,0.0,0.0,1.0,0.7115384615384616,0.0,0.0,0.0,0.0,0.0,0.0,0.0,0.0,0.0,0.0,0.6923076923076923,0.2692307692307692,0.0,0.0,0.0,0.0,0.0,0.0,211.0,149.0,91.0,228.0,177.0,116.0,3.0,0.7586582392349028,0.17200482920247143,0.06933693156262576,222.0,180.0,122.0,129.91254591104195,342.8833620927093,272.0,3.1214379650530883,203.74495182633808,215.0,225.0,1.2279411764705883,170.48130065895143,0.0,0.22407544712682456,52.414459200340886,1.5784302159750065,291.3688662801812,255.0,10.0,184.59576266644498,0.6866687382263759,0.7584421038199622,0.6859966050745842,0.7574691787682111,0.021257959898681438,1488.0,1539.1649774714738,0.1565947508896797,-1.6771383973777123,35.37062625165189,"562px-Edvard_Munch_-_Ashes_(1895).jpg","562px-Edvard_Munch_-_Ashes_(1895).jpg",176237.0
"Edvard Munch",205575.0,22.25072962340076,236.0,2.0,0.59,0.12,0.0,0.0,0.0,0.0,0.0,0.0,0.0,0.0,0.0,0.0,0.0,0.0,0.0,0.0,0.0,0.0,0.0,0.0,1.0,0.3347457627118644,0.0,0.0,0.0,0.0,0.0,0.0,0.0,0.0,0.0,0.0,0.0,0.0,0.0,0.0,0.0,0.0,0.0,0.0,178.0,110.0,69.0,210.0,142.0,90.0,3.0,0.6368624589565852,0.24048157606712878,0.12265596497628603,233.0,175.0,125.0,35.706691400602885,788.1624198095212,460.0,-0.4987317160657989,177.66094612671773,186.0,227.0,1.391304347826087,39.32775807382557,0.0,0.564762182051923,34.80785601362033,1.2475029836241194,571.4270396997955,254.0,5.0,458.0571117993329,0.35911458333333335,0.4645213743000809,0.3509804099071299,0.43448520985696165,0.019131703757752645,2675.0,2138.7364826763046,0.6982846467391305,-0.6456626498727458,45.40035372860236,"640px-Edvard_Munch_-_Evening._Melancholy_(1891).jpg","640px-Edvard_Munch_-_Evening._Melancholy_(1891).jpg",62173.0
"Edvard Munch",88825.0,29.965366277267243,252.0,2.0,0.17,0.21,0.0,0.0,0.0,0.0,0.0,0.0,0.0,0.0,0.0,0.0,0.0,0.0,0.0,0.0,0.0,0.0,0.0,0.0,1.0,0.18253968253968253,0.0,0.0,0.0,0.0,0.0,0.0,0.0,0.0,0.0,0.0,0.0,0.0,0.0,0.0,0.0,0.0,0.0,0.0,40.0,79.0,122.0,56.0,110.0,155.0,3.0,0.6706332676611314,0.22450886574725584,0.10485786659161273,75.0,136.0,196.0,57.39271347694603,484.3397567823645,279.0,0.37496943600839616,79.01698846045595,72.0,56.0,0.6443418013856813,78.82727820380744,0.0,0.4193631573892175,32.99683647621728,1.7845106913422097,449.2425759176162,241.0,0.0,251.7470707893027,0.8260627022938362,0.5821111002337278,0.8352135068809362,0.5549221707827657,0.012350126653532226,1712.0,1631.463655610588,0.30171535326086957,0.7751359923609724,38.79852433350632,"640px-Edvard_Munch_-_Evening._Melancholy_(1891).jpg","640px-Edvard_Munch_-_Evening._Melancholy_(1891).jpg",236765.0
"Edvard Munch",93216.0,103.53825371411789,324.0,3.0,0.77,0.3400000000000001,0.0,0.0,0.0,0.0,0.0,0.0,0.0,0.0,0.0,0.0,0.3999999999999999,0.0,0.0,0.0,0.0,0.0,0.0,0.0,1.0,0.7839506172839507,0.0,0.0,0.0,0.0,0.0,0.0,0.0,0.0,0.0,0.0,0.12962962962962962,0.0,0.0,0.0,0.0,0.0,0.0,0.0,63.0,100.0,118.0,62.0,100.0,148.0,3.0,0.711905681428081,0.21744121180913148,0.07065310676278751,95.0,121.0,186.0,10.706114936287099,651.3378539590648,420.0,1.6391404394488331,86.26340971507038,86.0,83.0,1.5238095238095237,174.87344642575883,0.0,0.12136935058859018,105.30047416752488,1.5566573373626436,429.82957713248516,239.0,0.0,276.12408199971446,0.4851214350272485,0.25806370866231837,0.4786757643859988,0.2397999968662651,0.023247082046000688,3133.0,3106.6737611495696,0.3467857142857143,0.3641934728786483,28.44181059656354,"640px-Edvard_Munch_-_The_dance_of_life_(1899-1900).jpg","640px-Edvard_Munch_-_The_dance_of_life_(1899-1900).jpg",222459.0
"Edvard Munch",68417.0,53.65172629460744,430.0,2.0,0.35,0.2799999999999999,0.0,0.0,0.0,0.0,0.0,0.0,0.0,0.0,0.0,0.0,0.0,0.0,0.0,0.0,0.0,0.0,0.0,0.0,1.0,0.12790697674418605,0.0,0.0,0.0,0.0,0.0,0.0,0.0,0.0,0.0,0.0,0.0,0.0,0.0,0.0,0.0,0.0,0.0,0.0,32.0,59.0,134.0,43.0,70.0,166.0,3.0,0.8451700600727889,0.1075902188052677,0.04723972112194338,33.0,92.0,186.0,48.53464740006537,424.3642303493545,280.8986213857709,9.063709045625602,45.896034611280825,40.0,41.0,0.8051575931232091,92.87901660116013,0.0,0.23422117948928373,50.078211555607524,1.3459230155264619,342.41002466094176,217.0,0.0,254.40619040988693,0.8186305007344666,0.6087734216711664,0.8048659119623542,0.5862127701267863,0.04307408977300963,1851.0,1915.9045273442405,0.2545275297619048,2.808167069853582,30.925997980978327,"640px-Edvard_Munch_-_The_dance_of_life_(1899-1900).jpg","640px-Edvard_Munch_-_The_dance_of_life_(1899-1900).jpg",148439.0
"Edvard Munch",27260.0,32.31843573051439,137.0,4.0,0.88,0.47999999999999987,0.0,0.0,0.0,0.0,0.0,0.0,0.0,0.0,0.0,0.0,0.6,0.92,0.0,0.0,0.0,0.0,0.0,0.0,1.0,0.9124087591240876,0.0,0.0,0.0,0.0,0.0,0.0,0.0,0.0,0.0,0.0,0.12408759124087591,0.12408759124087591,0.0,0.0,0.0,0.0,0.0,0.0,166.0,111.0,70.0,190.0,148.0,87.0,3.0,0.8170946441672781,0.1264490095377843,0.056456346294937634,208.0,181.0,111.0,98.95370462763414,314.836465486449,120.33028956265348,5.057125017123893,177.1876742479824,184.0,191.0,0.3890675241157556,91.56009225325377,0.0,0.38882979111808524,31.184299339691858,3.187136339944648,332.58855493632575,245.0,8.0,104.35870228945639,0.10068357942039619,0.5812528386262795,0.10180706500342088,0.5850035049448945,0.02773294203961849,922.0,938.6162996740586,0.10141369047619046,-1.9755667681110802,28.676912409644597,"640px-Edvard_Munch_-_The_dance_of_life_(1899-1900).jpg","640px-Edvard_Munch_-_The_dance_of_life_(1899-1900).jpg",198424.0
"Edvard Munch",67980.0,69.74881216643671,368.0,2.0,0.28,0.42999999999999994,0.0,0.0,0.0,0.0,0.0,0.0,0.0,0.0,0.0,0.0,0.0,0.0,0.0,0.0,0.0,0.0,0.0,0.0,1.0,0.1331521739130435,0.0,0.0,0.0,0.0,0.0,0.0,0.0,0.0,0.0,0.0,0.0,0.0,0.0,0.0,0.0,0.0,0.0,0.0,34.0,55.0,137.0,55.0,73.0,165.0,3.0,0.8200941453368638,0.13462783171521037,0.045278022947925864,39.0,106.0,189.0,146.38264281508083,437.10410659246844,328.0,9.248031696164714,52.88871726978523,47.0,45.0,1.1097560975609757,38.05505315683415,0.0,0.1801660877660959,76.20147102088849,1.1476602563010547,315.1751540105423,228.0,1.0,274.6245163989075,0.31649754523389234,0.6812241345493774,0.29573506581191034,0.6725200678467753,0.04489555751691674,2276.0,2177.504133423027,0.25290178571428573,2.6618054236999784,30.234310839220274,"640px-Edvard_Munch_-_The_dance_of_life_(1899-1900).jpg","640px-Edvard_Munch_-_The_dance_of_life_(1899-1900).jpg",146157.0
"Edvard Munch",11927.0,17.764717694564506,49.0,7.0,0.87,0.22000000000000008,0.0,0.0,0.0,0.0,0.0,0.0,0.0,0.0,0.0,0.0,0.5599999999999999,0.35,0.88,0.35,0.7799999999999999,0.0,0.0,0.0,1.0,0.46938775510204084,0.0,0.0,0.0,0.0,0.0,0.0,0.0,0.0,0.0,0.0,0.4489795918367347,0.2857142857142857,0.1836734693877551,0.10204081632653061,0.10204081632653061,0.0,0.0,0.0,162.0,140.0,97.0,177.0,155.0,119.0,3.0,0.8491657583633773,0.11905760040244823,0.03177664123417456,190.0,166.0,133.0,108.63812449438839,178.35358140502814,88.96456863354823,9.740738303180308,171.8928481596378,175.0,177.0,0.5325443786982249,98.00998760060534,0.0,0.7073780079378419,16.305944495682066,1.9676310093778924,172.8537586968252,218.0,49.0,87.85419631337878,0.747089783160057,0.5482781164784184,0.747455731885476,0.5452049889406302,0.04997065481680221,441.0,460.30401686610435,0.04437127976190476,-2.495964942868266,14.720889919742671,"640px-Edvard_Munch_-_The_dance_of_life_(1899-1900).jpg","640px-Edvard_Munch_-_The_dance_of_life_(1899-1900).jpg",157942.0
